RCDT,LEA Name,Title IIA,"Title I Part A, Neglected & Delinquent",Title IV
1009262026,A-C Central CUSD 262,"11,936.00$","90,760.00$","10,000.00"
1001001026,Payson CUSD 1,"17,919.00$","132,418.00$","10,000.00"
1001002026,Liberty CUSD 2,"14,089.00$","74,847.00$","10,000.00"
1001003026,Central CUSD 3,"31,447.00$","192,879.00$","14,186.66"
1001004026,CUSD 4,"22,371.00$","132,424.00$","10,000.00"
1001172022,Quincy SD 172,"338,427.00$","2,936,988.00$","205,419.86"
1005001026,Brown County CUSD 1,"24,349.00$","146,818.00$","10,798.77"
1009015026,Beardstown CUSD 15,"55,938.00$","425,823.00$","31,320.17"
1009064026,Virginia CUSD 64,"10,395.00$","75,243.00$","10,000.00"
1069001026,Franklin CUSD 1,"7,738.00$","55,066.00$","10,000.00"
1069006026,Waverly CUSD 6,"12,916.00$","92,839.00$","10,000.00"
1069011026,Meredosia-Chambersburg CUSD 11,"8,537.00$","98,246.00$","10,000.00"
1069027026,Triopia CUSD 27,"10,572.00$","61,892.00$","10,000.00"
1069117022,Jacksonville SD 117,"134,885.00$","1,082,770.00$","79,604.43"
1075003026,Pleasant Hill CUSD 3,"15,592.00$","144,697.00$","10,642.77"
1075004026,Griggsville-Perry CUSD 4,"13,817.00$","143,468.00$","10,552.37"
1075010026,Pikeland CUSD 10,"48,801.00$","374,296.00$","27,530.26"
1075012026,Western CUSD 12,"23,005.00$","194,011.00$","14,269.92"
1086001026,Winchester CUSD 1,"20,654.00$","161,566.00$","11,883.52"
1086002026,Scott-Morgan CUSD 2,"6,231.00$","77,405.00$","10,000.00"
3003001026,Mulberry Grove CUSD 1,"12,261.00$","101,145.00$","10,000.00"
3003002026,Bond County CUSD 2,"59,482.00$","473,204.00$","34,805.15"
3011001026,Morrisonville CUSD 1,"9,252.00$","61,085.00$","10,000.00"
3011003026,Taylorville CUSD 3,"99,877.00$","769,876.00$","56,625.99"
3011004026,Edinburg CUSD 4,"9,049.00$","62,159.00$","10,000.00"
3011008026,Pana CUSD 8,"73,488.00$","671,007.00$","49,353.97"
3011014024,South Fork SD 14,"19,051.00$","191,331.00$","14,072.80"
3025010026,Altamont CUSD 10,"25,314.00$","162,397.00$","11,944.64"
3025020026,Beecher City CUSD 20,"13,655.00$","105,956.00$","10,000.00"
3025030026,Dieterich CUSD 30,"14,988.00$","84,925.00$","10,000.00"
3025040026,Effingham CUSD 40,"105,715.00$","643,408.00$","47,324.01"
3025050026,Teutopolis CUSD 50,"18,336.00$","45,732.00$","10,000.00"
3026201026,Brownstown CUSD 201,"14,249.00$","178,527.00$","13,131.04"
3026202026,St Elmo CUSD 202 $,"15,139.00$","179,059.00$","13,170.17"
3026203026,Vandalia CUSD 203,"53,023.00$","507,270.00$","37,310.77"
3026204026,Ramsey CUSD 204,"18,535.00$","153,370.00$","11,280.69"
3068002026,Panhandle CUSD 2,"15,953.00$","121,164.00$","10,000.00"
3068003026,Hillsboro CUSD 3,"58,055.00$","484,119.00$","35,607.97"
3068012026,Litchfield CUSD 12,"63,817.00$","516,505.00$","37,990.03"
3068022026,Nokomis CUSD 22,"27,492.00$","236,247.00$","17,376.46"
4004100026,Belvidere CUSD 100,"223,856.00$","1,566,012.00$","113,610.79"
4004200026,North Boone CUSD 200,"47,418.00$","301,264.00$","22,158.60"
4101122022,Harlem UD 122,"246,584.00$","1,949,240.00$","140,579.04"
4101131004,Kinnikinnick CCSD 131,"40,797.00$","217,347.00$","15,986.33"
4101133004,Prairie Hill CCSD 133,"14,754.00$","71,969.00$","10,000.00"
4101134004,Shirland CCSD 134 $,"2,475.00$","5,441.00$","10,000.00"
4101140004,Rockton SD 140,"32,486.00$","164,871.00$","12,126.61"
4101205025,Rockford SD 205,"1,759,617.00$","20,220,147.00$","1,419,191.07"
4101207016,Hononegah CHD 207,"32,276.00$","104,014.00$","10,000.00"
4101320026,County of Winnebago SD 320,"56,377.00$","496,641.00$","36,528.99"
4101321026,Pecatonica CUSD 321,"20,500.00$","113,840.00$","10,000.00"
4101322026,Durand CUSD 322,"13,755.00$","73,408.00$","10,000.00"
4101323026,Winnebago CUSD 323,"35,381.00$","260,200.00$","19,138.26"
5016015004,Palatine CCSD 15,"404,803.00$","2,885,161.00$","206,441.02"
5016021004,Wheeling CCSD 21,"177,595.00$","1,125,930.00$","82,641.65"
5016023002,Prospect Heights SD 23,"32,452.00$","176,087.00$","12,951.57"
5016025002,Arlington Heights SD 25,"79,382.00$","185,198.00$","13,621.70"
5016026002,River Trails SD 26,"30,349.00$","156,878.00$","11,538.71"
5016027002,Northbrook ESD 27,"22,526.00$","100,758.00$","10,000.00"
5016028002,Northbrook SD 28,"26,425.00$","85,765.00$","10,000.00"
5016029002,Sunset Ridge SD 29 $,"8,848.00$","41,168.00$","10,000.00"
5016030002,Northbrook/Glenview SD 30,"17,587.00$","42,580.00$","10,000.00"
5016031002,West Northfield SD 31,"31,489.00$","188,560.00$","13,868.98"
5016034004,Glenview CCSD 34,"197,305.00$","1,470,145.00$","106,864.51"
5016035002,Glencoe SD 35,"23,107.00$","102,197.00$","10,000.00"
5016036002,Winnetka SD 36,"25,269.00$","54,980.00$","10,000.00"
5016037002,Avoca SD 37,"17,803.00$","95,000.00$","10,000.00"
5016038002,Kenilworth SD 38,"7,061.00$","27,946.00$","10,000.00"
5016039002,Wilmette SD 39,"51,988.00$","99,501.00$","10,000.00"
5016054004,Schaumburg CCSD 54,"343,692.00$","2,345,196.00$","168,442.98"
5016057002,Mount Prospect SD 57,"34,591.00$","89,356.00$","10,000.00"
5016059004,Comm Cons SD 59,"195,990.00$","1,285,295.00$","93,856.37"
5016062004,CCSD 62,"151,184.00$","988,124.00$","72,678.59"
5016063002,East Maine SD 63,"124,854.00$","908,246.00$","66,803.40"
5016064004,Park Ridge CCSD 64,"76,031.00$","330,287.00$","24,293.30"
5016065004,Evanston CCSD 65,"216,531.00$","1,302,860.00$","91,655.37"
5016067002,Golf ESD 67,"14,752.00$","96,586.00$","10,000.00"
5016068002,Skokie SD 68 $,"68,744.00$","607,481.00$","44,681.50"
5016069002,Skokie SD 69 $,"71,384.00$","604,976.00$","44,497.25"
5016070002,Morton Grove SD 70,"21,708.00$","136,508.00$","10,040.45"
5016071002,Niles ESD 71,"14,706.00$","101,523.00$","10,000.00"
5016072002,Fairview SD 72,"22,082.00$","141,143.00$","10,381.36"
5016073002,East Prairie SD 73,"21,703.00$","172,944.00$","12,720.39"
5016073502,Skokie SD 73-5 $,"27,883.00$","203,473.00$","14,965.87"
5016074002,Lincolnwood SD 74,"35,301.00$","230,518.00$","16,955.08"
5016202017,Evanston Twp HSD 202,"71,930.00$","384,562.00$","28,285.34"
5016203017,New Trier Twp HSD 203,"56,529.00$","105,210.00$","10,000.00"
5016207017,Maine Township HSD 207,"176,420.00$","968,711.00$","71,250.73"
5016211017,Township HSD 211,"298,344.00$","1,814,727.00$","129,972.96"
5016214017,Township HSD 214,"261,047.00$","1,439,233.00$","104,689.19"
5016219017,Niles Twp HSD 219,"170,669.00$","1,041,325.00$","76,591.64"
5016225017,Glenbrook HSD 225,"76,774.00$","337,441.00$","24,819.49"
6016078002,Rosemont ESD 78,"4,594.00$","36,057.00$","10,000.00"
6016079002,Pennoyer SD 79,"11,683.00$","89,439.00$","10,000.00"
6016080002,Norridge SD 80,"25,363.00$","177,718.00$","13,071.53"
6016081002,Schiller Park SD 81,"42,934.00$","397,641.00$","29,247.33"
6016083002,Mannheim SD 83,"97,100.00$","754,415.00$","55,488.81"
6016084002,Franklin Park SD 84,"46,522.00$","348,703.00$","25,647.84"
6016084502,Rhodes SD 84-5,"26,033.00$","254,816.00$","18,742.25"
6016085502,River Grove SD 85-5,"23,180.00$","182,085.00$","13,392.73"
6016086002,Union Ridge SD 86,"16,196.00$","132,889.00$","10,000.00"
6016087002,Berkeley SD 87,"89,955.00$","834,284.00$","61,363.34"
6016088002,Bellwood SD 88,"106,485.00$","1,034,021.00$","76,054.41"
6016089002,Maywood-Melrose Park-Broadview 89,"272,363.00$","2,430,156.00$","174,421.73"
6016090002,River Forest SD 90,"21,194.00$","59,945.00$","10,000.00"
6016091002,Forest Park SD 91,"31,194.00$","231,828.00$","17,051.44"
6016092002,Lindop SD 92,"14,127.00$","145,686.00$","10,715.51"
6016092502,Westchester SD 92-5,"32,553.00$","208,626.00$","15,344.88"
6016093002,Hillside SD 93,"15,057.00$","125,659.00$","10,000.00"
6016094002,Komarek SD 94,"22,796.00$","173,255.00$","12,743.27"
6016095002,Brookfield Lagrange Park SD 95,"25,742.00$","126,667.00$","10,000.00"
6016096002,Riverside SD 96,"31,360.00$","173,854.00$","12,787.33"
6016097002,Oak Park ESD 97,"110,367.00$","529,554.00$","36,593.35"
6016098002,Berwyn North SD 98,"138,802.00$","1,248,301.00$","91,253.06"
6016099002,Cicero SD 99,"573,250.00$","5,946,146.00$","421,846.51"
6016100002,Berwyn South SD 100,"128,587.00$","1,033,673.00$","76,028.82"
6016101002,Western Springs SD 101,"21,409.00$","39,963.00$","10,000.00"
6016102002,La Grange SD 102,"56,054.00$","234,897.00$","17,277.17"
6016103002,Lyons SD 103,"92,869.00$","729,867.00$","53,683.25"
6016105002,La Grange SD 105 South,"47,470.00$","289,318.00$","21,279.95"
6016106002,LaGrange Highlands SD 106,"17,405.00$","41,594.00$","10,000.00"
6016107002,Pleasantdale SD 107,"18,609.00$","96,440.00$","10,000.00"
6016200013,Oak Park - River Forest SD 200,"49,491.00$","120,342.00$","10,000.00"
6016201017,J S Morton HSD 201,"313,773.00$","2,834,332.00$","202,864.12"
6016204017,Lyons Twp HSD 204,"60,466.00$","147,369.00$","10,839.30"
6016208017,Riverside-Brookfield Twp SD 208,"32,607.00$","155,455.00$","11,434.04"
6016209017,Proviso Twp HSD 209,"191,440.00$","1,633,191.00$","118,338.27"
6016212016,Leyden CHSD 212,"101,063.00$","641,398.00$","47,176.17"
6016234016,Ridgewood CHSD 234,"22,468.00$","145,522.00$","10,703.45"
6016401026,Elmwood Park CUSD 401,"89,563.00$","588,528.00$","43,287.47"
7016104002,Summit SD 104 $,"79,847.00$","790,304.00$","58,128.52"
7016108002,Willow Springs SD 108,"22,145.00$","205,579.00$","15,120.77"
7016109002,Indian Springs SD 109,"145,675.00$","1,350,006.00$","98,410.17"
7016110002,Central Stickney SD 110,"11,423.00$","119,212.00$","10,000.00"
7016111002,Burbank SD 111,"161,546.00$","1,345,008.00$","98,058.45"
7016117002,North Palos SD 117,"128,985.00$","1,398,583.00$","101,828.60"
7016118004,Palos CCSD 118,"39,596.00$","273,014.00$","20,080.75"
7016122002,Ridgeland SD 122,"112,058.00$","1,164,189.00$","85,333.99"
7016123002,Oak Lawn-Hometown SD 123,"102,585.00$","658,070.00$","48,402.43"
7016124002,Evergreen Park ESD 124,"53,754.00$","318,858.00$","23,452.67"
7016125002,Atwood Heights SD 125,"20,878.00$","200,377.00$","14,738.15"
7016126002,Alsip-Hazlgrn-Oaklwn SD 126,"64,092.00$","465,542.00$","34,241.59"
7016127002,Worth SD 127,"74,880.00$","786,810.00$","57,871.53"
7016127502,Chicago Ridge SD 127-5,"84,565.00$","983,836.00$","72,363.20"
7016128002,Palos Heights SD 128,"16,928.00$","102,138.00$","10,000.00"
7016130002,Cook County SD 130,"144,673.00$","1,199,450.00$","87,815.35"
7016132002,Calumet Public SD 132,"52,490.00$","616,811.00$","45,367.74"
7016133002,Gen George Patton SD 133,"14,960.00$","249,797.00$","18,373.09"
7016135002,Orland SD 135,"133,649.00$","837,075.00$","61,568.62"
7016140002,Kirby SD 140,"73,519.00$","507,398.00$","37,320.19"
7016142002,Forest Ridge SD 142,"35,977.00$","253,284.00$","18,629.57"
7016143002,Midlothian SD 143,"70,689.00$","632,438.00$","46,517.14"
7016143502,Posen-Robbins ESD 143-5,"76,796.00$","927,968.00$","68,253.99"
7016144002,Prairie-Hills ESD 144,"158,460.00$","1,978,983.00$","142,672.10"
7016145002,Arbor Park SD 145,"32,376.00$","296,930.00$","21,839.82"
7016146004,CCSD 146,"64,568.00$","419,826.00$","30,879.08"
7016147002,W Harvey-Dixmoor PSD 147,"84,801.00$","1,376,558.00$","100,278.67"
7016148002,Dolton SD 148,"174,608.00$","2,135,868.00$","153,712.30"
7016149002,Dolton SD 149,"192,864.00$","1,973,891.00$","142,313.77"
7016150002,South Holland SD 150 $,"55,091.00$","504,130.00$","37,079.82"
7016151002,South Holland SD 151 $,"94,885.00$","965,959.00$","71,048.31"
7016152002,Harvey SD 152,"129,181.00$","1,937,154.00$","139,728.54"
7016152502,Hazel Crest SD 152-5,"88,885.00$","1,229,377.00$","89,921.35"
7016153002,Homewood SD 153,"46,233.00$","285,971.00$","21,033.77"
7016154002,Thornton SD 154,"10,531.00$","77,184.00$","10,000.00"
7016154502,Burnham SD 154-5,"11,448.00$","119,661.00$","10,000.00"
7016155002,Calumet City SD 155,"78,040.00$","816,917.00$","60,085.96"
7016156002,Lincoln ESD 156,"58,508.00$","687,149.00$","50,541.25"
7016157002,Hoover-Schrum Memorial SD 157,"60,314.00$","666,962.00$","49,056.45"
7016158002,Lansing SD 158,"150,327.00$","1,375,564.00$","100,208.72"
7016159002,ESD 159,"85,743.00$","841,792.00$","61,915.57"
7016160002,Country Club Hills SD 160,"81,658.00$","1,142,505.00$","83,808.05"
7016161002,Flossmoor SD 161,"57,971.00$","374,754.00$","27,563.94"
7016162002,Matteson ESD 162,"105,809.00$","1,179,344.00$","86,400.46"
7016163002,Park Forest SD 163,"87,647.00$","1,015,511.00$","74,692.96"
7016167002,Brookwood SD 167,"55,567.00$","559,903.00$","41,182.04"
7016168004,CCSD 168,"128,962.00$","1,801,205.00$","130,161.63"
7016169002,Ford Heights SD 169,"26,649.00$","546,208.00$","40,174.74"
7016170002,Chicago Heights SD 170,"189,064.00$","2,112,525.00$","152,069.62"
7016171002,Sunnybrook SD 171 $,"41,217.00$","351,111.00$","25,824.95"
7016172002,Sandridge SD 172,"21,821.00$","277,944.00$","20,443.36"
7016194002,Steger SD 194 $,"80,896.00$","713,102.00$","52,450.15"
7016205017,Thornton Twp HSD 205,"429,705.00$","4,647,977.00$","330,492.67"
7016206017,Bloom Twp HSD 206,"211,695.00$","2,028,626.00$","146,165.54"
7016210017,Lemont Twp HSD 210,"21,542.00$","85,972.00$","10,000.00"
7016215017,Thornton Fractional Twp HSD 215,"182,319.00$","1,555,588.00$","112,877.24"
7016217016,Argo CHSD 217,"83,540.00$","715,140.00$","52,600.05"
7016218016,CHSD 218,"227,276.00$","1,821,076.00$","131,559.98"
7016220017,Reavis Twp HSD 220,"79,601.00$","602,013.00$","44,279.32"
7016227017,Rich Twp HSD 227,"126,967.00$","1,247,105.00$","91,168.89"
7016228016,Bremen CHSD 228,"195,818.00$","1,599,493.00$","115,966.89"
7016229016,Oak Lawn CHSD 229,"80,209.00$","574,037.00$","42,221.63"
7016230013,Cons HSD 230,"263,732.00$","1,717,584.00$","124,277.11"
7016231016,Evergreen Park CHSD 231,"24,118.00$","136,508.00$","10,040.45"
7016233016,Homewood Flossmoor CHSD 233,"60,658.00$","342,912.00$","25,221.90"
7016901090,Southland College Prep Charter High School $,"21,902.00$","208,581.00$","15,341.57"
8008308026,Eastland CUSD 308,"27,221.00$","195,565.00$","14,384.22"
8008314026,West Carroll CUSD 314,"44,880.00$","402,992.00$","29,640.91"
8008399026,Chadwick-Milledgeville CUSD 399,"14,846.00$","105,875.00$","10,000.00"
8043119022,East Dubuque USD 119,"15,068.00$","82,044.00$","10,000.00"
8043120022,Galena USD 120,"18,486.00$","121,053.00$","10,000.00"
8043205026,Warren CUSD 205,"11,571.00$","69,941.00$","10,000.00"
8043206026,Stockton CUSD 206 $,"12,715.00$","79,202.00$","10,000.00"
8043210026,River Ridge CUSD 210,"16,091.00$","136,873.00$","10,067.30"
8043211026,Scales Mound CUSD 211,"5,704.00$","33,616.00$","10,000.00"
8089145022,Freeport SD 145,"224,938.00$","2,073,406.00$","149,316.77"
8089200026,Pearl City CUSD 200,"12,888.00$","76,287.00$","10,000.00"
8089201026,Dakota CUSD 201,"19,773.00$","109,393.00$","10,000.00"
8089202026,Lena Winslow CUSD 202,"27,809.00$","171,287.00$","12,598.52"
8089203026,Orangeville CUSD 203,"12,008.00$","73,408.00$","10,000.00"
9010001026,Fisher CUSD 1,"18,773.00$","109,393.00$","10,000.00"
9010003026,Mahomet-Seymour CUSD 3,"57,102.00$","283,161.00$","20,827.09"
9010004026,Champaign CUSD 4,"476,284.00$","4,071,126.00$","286,756.70"
9010007026,Tolono CUSD 7,"29,236.00$","201,171.00$","14,796.55"
9010008026,Heritage CUSD 8,"12,099.00$","79,937.00$","10,000.00"
9010116022,Urbana SD 116,"247,780.00$","2,187,374.00$","150,604.84"
9010130004,Thomasboro CCSD 130,"14,626.00$","138,639.00$","10,197.19"
9010137002,Rantoul City SD 137,"96,275.00$","1,030,287.00$","75,779.77"
9010142004,Ludlow CCSD 142,"5,933.00$","62,293.00$","10,000.00"
9010169004,St Joseph CCSD 169 $,"14,220.00$","82,281.00$","10,000.00"
9010188004,Gifford CCSD 188,"5,512.00$","33,106.00$","10,000.00"
9010193017,Rantoul Township HSD 193,"55,614.00$","495,070.00$","36,413.44"
9010197004,Prairieview-Ogden CCSD 197,"4,352.00$","25,906.00$","10,000.00"
9010305016,St Joseph Ogden CHSD 305 $,"7,573.00$","19,654.00$","10,000.00"
9027005026,Gibson City-Melvin-Sibley CUSD 5,"33,092.00$","202,954.00$","14,927.69"
9027010026,Paxton-Buckley-Loda CUD 10,"46,955.00$","354,966.00$","26,108.49"
11015001026,Charleston CUSD 1,"113,895.00$","880,275.00$","64,746.07"
11015002026,Mattoon CUSD 2,"135,538.00$","1,084,306.00$","79,712.52"
11015005026,Oakland CUSD 5,"6,404.00$","59,339.00$","10,000.00"
11018003026,Neoga CUSD 3,"19,520.00$","170,771.00$","12,560.57"
11018077026,Cumberland CUSD 77,"32,469.00$","214,932.00$","15,808.70"
11021301026,Tuscola CUSD 301,"26,911.00$","155,491.00$","11,436.69"
11021302026,Villa Grove CUSD 302,"21,250.00$","128,106.00$","10,000.00"
11021305026,Arthur CUSD 305,"53,007.00$","331,806.00$","24,405.03"
11021306026,Arcola CUSD 306,"22,286.00$","136,587.00$","10,046.26"
11023001026,Shiloh CUSD 1 $,"11,374.00$","87,412.00$","10,000.00"
11023003026,Kansas CUSD 3,"7,780.00$","67,988.00$","10,000.00"
11023004026,Paris CUSD 4,"18,111.00$","109,393.00$","10,000.00"
11023006026,Edgar County CUD 6,"11,053.00$","84,133.00$","10,000.00"
11023095025,Paris-Union SD 95,"58,680.00$","552,604.00$","40,645.18"
11070300026,Sullivan CUSD 300 $,"38,313.00$","223,106.00$","16,409.91"
11070302026,Okaw Valley CUSD 302,"17,262.00$","114,183.00$","10,000.00"
11087001026,Windsor CUSD 1,"14,181.00$","108,515.00$","10,000.00"
11087004026,Shelbyville CUSD 4 $,"33,639.00$","264,302.00$","19,439.97"
11087021026,Central A & M CUD 21,"25,952.00$","185,280.00$","11,315.77"
12013010026,Clay City CUSD 10,"14,689.00$","132,349.00$","10,000.00"
12013025026,North Clay CUSD 25,"24,081.00$","263,068.00$","19,349.20"
12013035026,Flora CUSD 35,"58,833.00$","474,633.00$","34,910.25"
12017001026,Hutsonville CUSD 1,"11,901.00$","91,627.00$","10,000.00"
12017002026,Robinson CUSD 2,"52,136.00$","398,688.00$","29,324.34"
12017003026,Palestine CUSD 3,"10,810.00$","83,971.00$","10,000.00"
12017004026,Oblong CUSD 4,"34,722.00$","302,409.00$","22,242.82"
12040001026,Jasper County CUD 1,"50,852.00$","325,346.00$","23,929.88"
12051010026,Red Hill CUSD 10,"40,106.00$","378,793.00$","27,861.02"
12051020026,Lawrence County CUD 20,"50,545.00$","503,841.00$","37,058.56"
12080001026,Richland County CUSD 1,"104,183.00$","784,873.00$","57,729.06"
13014001026,Carlyle CUSD 1,"35,590.00$","280,317.00$","20,617.90"
13014003026,Wesclin CUSD 3,"33,384.00$","201,303.00$","14,806.26"
13014012004,Breese ESD 12,"16,133.00$","92,449.00$","10,000.00"
13014021002,Aviston SD 21,"4,335.00$",- $,-
13014046002,Willow Grove SD 46,"6,965.00$","80,522.00$","10,000.00"
13014057002,Bartelso SD 57,"1,172.00$",- $,-
13014060002,Germantown SD 60,"3,449.00$","20,269.00$","10,000.00"
13014062002,Damiansville SD 62,"1,076.00$",- $,-
13014063002,Albers SD 63,"2,627.00$",- $,-
13014071016,Central CHSD 71,"14,721.00$","70,505.00$","10,000.00"
13014141502,St Rose SD 14-15 $,"4,205.00$","30,907.00$","10,000.00"
13014186002,North Wamac SD 186,"5,614.00$","126,529.00$","10,000.00"
13041001026,Waltonville CUSD 1,"14,320.00$","115,582.00$","10,000.00"
13041002004,Rome CCSD 2,"11,920.00$","87,067.00$","10,000.00"
13041003004,Field CCSD 3,"7,288.00$","51,851.00$","10,000.00"
13041005004,Opdyke-Belle-Rive CCSD 5,"9,818.00$","105,002.00$","10,000.00"
13041006004,Grand Prairie CCSD 6,"4,198.00$","33,641.00$","10,000.00"
13041012004,McClellan CCSD 12,"2,350.00$","18,431.00$","10,000.00"
13041079002,Summersville SD 79 $,"9,414.00$","72,806.00$","10,000.00"
13041080002,Mount Vernon SD 80,"85,329.00$","1,021,430.00$","75,128.32"
13041082002,Bethel SD 82,"6,587.00$","85,036.00$","10,000.00"
13041099004,Farrington CCSD 99,"2,407.00$","14,393.00$","10,000.00"
13041178004,Spring Garden Community Consolidated School Distr $,"8,760.00$","72,000.00$","10,000.00"
13041201017,Mt Vernon Twp HSD 201,"68,557.00$","565,558.00$","40,328.98"
13041209027,Woodlawn Unit School District 209,"13,708.00$","79,979.00$","10,000.00"
13041318027,Bluford Unit School District 318,"16,773.00$","126,103.00$","10,000.00"
13058001003,Raccoon Cons SD 1,"8,058.00$","58,199.00$","10,000.00"
13058002003,Kell Cons SD 2,"3,417.00$","24,029.00$","10,000.00"
13058007004,Iuka CCSD 7,"8,248.00$","62,441.00$","10,000.00"
13058010004,Selmaville CCSD 10,"6,727.00$","48,529.00$","10,000.00"
13058100026,Patoka CUSD 100,"7,947.00$","55,996.00$","10,000.00"
13058111002,Salem SD 111,"41,559.00$","428,477.00$","31,515.38"
13058133002,Central City SD 133,"13,220.00$","134,203.00$","10,000.00"
13058135002,Centralia SD 135,"76,219.00$","852,911.00$","62,733.39"
13058200017,Centralia HSD 200,"50,038.00$","474,974.00$","34,935.33"
13058401026,South Central CUD 401 $,"21,064.00$","172,977.00$","12,722.82"
13058501026,Sandoval CUSD 501,"20,108.00$","272,182.00$","20,019.56"
13058600016,Salem CHSD 600,"29,479.00$","194,186.00$","14,282.79"
13058722026,Odin PSD 722,"9,063.00$","127,500.00$","10,000.00"
13095001004,Oakdale CCSD 1,"3,328.00$","26,445.00$","10,000.00"
13095010026,West Washington Co CUD 10,"15,660.00$","90,682.00$","10,000.00"
13095011004,Irvington CCSD 11,"2,158.00$","3,208.00$","10,000.00"
13095015004,Ashley CCSD 15,"5,126.00$","37,489.00$","10,000.00"
13095049004,Nashville CCSD 49,"13,694.00$","95,299.00$","10,000.00"
13095099016,Nashville CHSD 99,"8,782.00$","56,662.00$","10,000.00"
15016299025,Chicago Public Schools District 299,"19,749,031.00$","307,505,906.00$","21,561,175.93"
15016900090,Horizon Science Acad-McKinley Park Charter Sch,"44,978.00$","689,544.00$","50,717.41"
15016901090,Horizon Science Acad-Belmont Charter Sch,"34,482.00$","528,542.00$","38,875.37"
15016902090,ACE Amandla Charter School,"7,294.00$","117,230.00$","10,000.00"
15016904090,Betty Shabazz International Charter School,"29,341.00$","449,667.00$","33,073.95"
15016905090,Intrinsic Charter School Downtown Campus,"35,966.00$","549,683.00$","40,430.34"
16019424026,Genoa Kingston CUSD 424,"36,397.00$","211,821.00$","15,579.88"
16019425026,Indian Creek CUSD 425,"19,232.00$","117,354.00$","10,000.00"
16019426026,Hiawatha CUSD 426,"12,557.00$","91,395.00$","10,000.00"
16019427026,Sycamore CUSD 427,"87,705.00$","463,483.00$","34,090.15"
16019428026,DeKalb CUSD 428,"294,037.00$","2,944,021.00$","210,583.08"
16019429026,Hinckley Big Rock CUSD 429,"16,801.00$","96,586.00$","10,000.00"
16019430026,Sandwich CUSD 430,"60,912.00$","352,651.00$","25,938.22"
16019432026,Somonauk CUSD 432 $,"21,602.00$","122,169.00$","10,000.00"
17020015026,Clinton CUSD 15,"65,912.00$","483,446.00$","35,558.47"
17020018026,Blue Ridge CUSD 18,"24,283.00$","149,697.00$","11,010.53"
17053005026,Woodland CUSD 5,"14,058.00$","105,286.00$","10,000.00"
17053008026,Prairie Central CUSD 8,"53,687.00$","327,640.00$","24,098.61"
17053074027,Flanagan-Cornell Dist 74,"7,826.00$","47,575.00$","10,000.00"
17053090017,Pontiac Twp HSD 90,"26,030.00$","185,281.00$","13,627.81"
17053230017,Dwight Twp HSD 230,"8,231.00$","61,943.00$","10,000.00"
17053232002,Dwight Common SD 232,"15,927.00$","108,642.00$","10,000.00"
17053425004,Rooks Creek CCSD 425,"1,516.00$",- $,-
17053426004,Cornell CCSD 426,"3,960.00$","33,444.00$","10,000.00"
17053429004,Pontiac CCSD 429,"52,376.00$","410,841.00$","30,218.22"
17053435004,Odell CCSD 435,"5,501.00$","40,199.00$","10,000.00"
17053438004,Saunemin CCSD 438,"4,381.00$","32,482.00$","10,000.00"
17054021026,Hartsburg Emden CUSD 21,"6,301.00$","37,941.00$","10,000.00"
17054023026,Mt Pulaski CUSD 23,"12,251.00$","69,779.00$","10,000.00"
17054027002,Lincoln ESD 27,"75,166.00$","725,794.00$","53,383.67"
17054061004,Chester-East Lincoln CCSD 61,"9,437.00$","57,574.00$","10,000.00"
17054088002,New Holland-Middletown ED 88,"4,210.00$","28,986.00$","10,000.00"
17054092004,West Lincoln-Broadwell ESD 92,"4,583.00$","25,908.00$","10,000.00"
17054404016,Lincoln CHSD 404,"23,893.00$","169,495.00$","12,466.71"
17064002026,LeRoy CUSD 2,"12,664.00$","79,573.00$","10,000.00"
17064003026,Tri Valley CUSD 3,"13,860.00$","27,189.00$","10,000.00"
17064004026,Heyworth CUSD 4,"17,104.00$","97,874.00$","10,000.00"
17064005026,McLean County USD 5,"323,760.00$","2,136,560.00$","151,255.22"
17064007026,Lexington CUSD 7,"11,225.00$","66,966.00$","10,000.00"
17064016026,Olympia CUSD 16,"44,449.00$","264,554.00$","19,458.50"
17064019026,Ridgeview CUSD 19,"14,730.00$","114,616.00$","10,000.00"
17064087025,Bloomington SD 87,"217,315.00$","1,900,255.00$","137,131.91"
19022002002,Bensenville SD 2,"62,640.00$","377,119.00$","27,737.89"
19022004002,Addison SD 4,"114,747.00$","733,029.00$","53,915.82"
19022007002,Wood Dale SD 7,"30,475.00$","181,361.00$","13,339.48"
19022010002,Itasca SD 10,"19,475.00$","98,569.00$","10,000.00"
19022011002,Medinah SD 11,"15,523.00$","88,810.00$","10,000.00"
19022012002,Roselle SD 12,"12,838.00$","56,774.00$","10,000.00"
19022013002,Bloomingdale SD 13,"21,786.00$","111,011.00$","10,000.00"
19022015002,Marquardt SD 15,"103,161.00$","783,743.00$","57,645.94"
19022016002,Queen Bee SD 16,"53,166.00$","337,359.00$","24,813.46"
19022020002,Keeneyville SD 20,"46,653.00$","290,156.00$","21,341.58"
19022025002,Benjamin SD 25,"11,124.00$","44,117.00$","10,000.00"
19022033002,West Chicago ESD 33,"117,951.00$","838,722.00$","61,689.76"
19022034002,Winfield SD 34,"7,318.00$","38,172.00$","10,000.00"
19022041002,Glen Ellyn SD 41,"64,879.00$","303,190.00$","22,300.26"
19022044002,Lombard SD 44,"81,486.00$","444,773.00$","32,713.99"
19022045002,SD 45 DuPage County,"104,547.00$","621,962.00$","45,746.61"
19022048002,Salt Creek SD 48,"18,280.00$","112,453.00$","10,000.00"
19022053002,Butler SD 53,"7,005.00$","16,311.00$","10,000.00"
19022058002,Downers Grove GSD 58,"93,582.00$","231,627.00$","17,036.65"
19022060002,Maercker SD 60,"41,380.00$","240,377.00$","17,680.23"
19022061002,Darien SD 61,"34,375.00$","192,974.00$","14,193.64"
19022062002,Gower SD 62,"19,429.00$","113,190.00$","10,000.00"
19022063002,Cass SD 63,"18,465.00$","99,317.00$","10,000.00"
19022066002,Center Cass SD 66,"17,944.00$","80,521.00$","10,000.00"
19022068002,Woodridge SD 68,"77,407.00$","437,576.00$","32,184.63"
19022086017,Hinsdale Twp HSD 86,"81,606.00$","381,438.00$","28,055.57"
19022087017,Glenbard Twp HSD 87,"181,901.00$","937,045.00$","68,921.63"
19022088016,DuPage HSD 88,"97,756.00$","549,848.00$","40,442.47"
19022089004,CCSD 89,"38,097.00$","189,407.00$","13,931.28"
19022093004,CCSD 93,"78,964.00$","451,201.00$","33,186.78"
19022094016,CHSD 94,"54,102.00$","306,591.00$","22,550.41"
19022099016,CHSD 99,"97,429.00$","460,606.00$","33,878.54"
19022100016,Fenton CHSD 100,"39,667.00$","227,423.00$","16,727.44"
19022108016,Lake Park CHSD 108,"52,350.00$","267,944.00$","19,707.84"
19022180004,CCSD 180,"37,543.00$","390,536.00$","28,724.74"
19022181004,Hinsdale CCSD 181,"48,662.00$","90,891.00$","10,000.00"
19022200026,CUSD 200,"261,449.00$","1,362,641.00$","99,299.31"
19022201026,CUSD 201,"35,642.00$","218,031.00$","16,036.64"
19022202026,Lisle CUSD 202,"36,914.00$","188,560.00$","13,181.27"
19022203026,Naperville CUSD 203,"261,577.00$","610,059.00$","44,157.88"
19022204026,Indian Prairie CUSD 204,"434,929.00$","2,236,921.00$","160,823.53"
19022205026,Elmhurst SD 205,"122,923.00$","271,122.00$","19,941.59"
20024001026,Edwards County CUSD 1,"30,098.00$","201,407.00$","14,813.91"
20030007026,Gallatin CUSD 7,"35,399.00$","306,980.00$","22,579.02"
20033010026,Hamilton Co CUSD 10,"47,544.00$","371,196.00$","27,302.24"
20035001026,Hardin County CUSD 1,"30,614.00$","318,732.00$","23,443.41"
20076001026,Pope Co CUD 1,"18,181.00$","184,402.00$","13,563.15"
20083001026,Galatia CUSD 1,"14,581.00$","141,688.00$","10,421.45"
20083002026,Carrier Mills-Stonefort CUSD 2,"21,212.00$","217,573.00$","16,002.95"
20083003026,Harrisburg CUSD 3,"90,888.00$","864,817.00$","63,609.10"
20083004026,Eldorado CUSD 4,"47,338.00$","481,829.00$","35,439.53"
20093017024,Allendale CCSD 17,"12,483.00$","130,976.00$","10,000.00"
20093348026,Wabash CUSD 348,"54,588.00$","424,919.00$","31,253.68"
20096006004,New Hope CCSD 6,"5,554.00$","33,106.00$","10,000.00"
20096014004,Geff CCSD 14,"3,826.00$","33,271.00$","10,000.00"
20096017004,Jasper CCSD 17,"8,319.00$","68,186.00$","10,000.00"
20096100026,Wayne City CUSD 100,"23,214.00$","190,307.00$","13,997.48"
20096112004,Fairfield PSD 112,"27,778.00$","272,299.00$","20,028.16"
20096200026,North Wayne CUSD 200,"14,543.00$","124,551.00$","10,000.00"
20096225016,Fairfield Comm H S Dist 225,"17,202.00$","129,808.00$","10,000.00"
20097001026,Grayville CUSD 1,"15,832.00$","153,033.00$","11,255.90"
20097003026,Norris City-Omaha-Enfield CUSD 3,"32,538.00$","259,620.00$","19,095.60"
20097005026,Carmi-White County CUSD 5,"55,988.00$","490,081.00$","32,266.20"
21028047004,Benton CCSD 47,"56,216.00$","511,833.00$","37,646.39"
21028091004,Akin CCSD 91,"3,564.00$","28,000.00$","10,000.00"
21028099026,Christopher USD 99,"40,580.00$","370,931.00$","27,282.75"
21028103013,Benton Cons HSD 103,"28,132.00$","260,580.00$","16,478.91"
21028115004,Ewing Northern CCSD 115,"8,840.00$","62,863.00$","10,000.00"
21028168026,Frankfort CUSD 168,"108,383.00$","1,091,147.00$","80,193.93"
21028174026,Thompsonville CUSD 174,"13,262.00$","104,582.00$","10,000.00"
21028188026,Zeigler-Royalton CUSD 188,"34,128.00$","342,543.00$","25,194.76"
21028196026,Sesser-Valier CUSD 196 $,"24,004.00$","181,475.00$","13,347.87"
21044001026,Goreville CUD 1,"15,983.00$","93,562.00$","10,000.00"
21044032003,New Simpson Hill SD 32,"6,971.00$","58,155.00$","10,000.00"
21044043003,Buncombe Cons SD 43,"4,005.00$","39,655.00$","10,000.00"
21044055002,Vienna SD 55,"15,474.00$","135,947.00$","10,000.00"
21044064002,Cypress SD 64,"5,184.00$","44,820.00$","10,000.00"
21044133017,Vienna HSD 133,"12,937.00$","97,099.00$","10,000.00"
21061001026,Massac UD 1,"94,478.00$","921,417.00$","67,772.15"
21061038026,Joppa-Maple Grove UD 38,"16,512.00$","167,259.00$","12,302.25"
21100001026,Johnston City CUSD 1,"54,288.00$","440,698.00$","32,414.26"
21100002026,Marion CUSD 2,"168,960.00$","1,346,409.00$","98,157.04"
21100003026,Crab Orchard CUSD 3,"12,260.00$","79,294.00$","10,000.00"
21100004026,Herrin CUSD 4,"104,757.00$","977,654.00$","71,908.50"
21100005026,Carterville CUSD 5,"63,841.00$","424,279.00$","31,206.61"
24032001026,Coal City CUSD 1,"42,027.00$","230,459.00$","16,950.74"
24032054002,Morris SD 54,"39,995.00$","241,817.00$","17,786.15"
24032073017,Gardner S Wilmington Twp HSD 73,"3,683.00$","20,757.00$","10,000.00"
24032074003,South Wilmington CCSD 74 $,"1,099.00$",- $,-
24032075002,Braceville SD 75,"4,294.00$","40,697.00$","10,000.00"
24032101016,Morris CHSD 101,"25,618.00$","143,939.00$","10,587.02"
24032111016,Minooka CHSD 111,"39,394.00$","88,899.00$","10,000.00"
24032201004,Minooka CCSD 201,"93,385.00$","464,924.00$","34,196.14"
24047018016,Newark CHSD 18,"7,235.00$","43,182.00$","10,000.00"
24047066004,Newark CCSD 66,"6,449.00$","33,106.00$","10,000.00"
24047088026,Plano CUSD 88,"98,299.00$","753,496.00$","55,421.21"
24047090004,Lisbon CCSD 90,"2,296.00$",- $,-
24047115026,Yorkville CUSD 115,"119,778.00$","580,315.00$","42,683.39"
24047308026,CUSD 308,"298,661.00$","1,459,782.00$","106,135.25"
26029001026,Astoria CUSD 1,"9,381.00$","72,422.00$","10,000.00"
26029002026,V I T CUSD 2,"12,134.00$","112,900.00$","10,000.00"
26029003026,CUSD 3 Fulton County,"14,935.00$","133,706.00$","10,000.00"
26029004026,Spoon River Valley CUSD 4 $,"9,045.00$","54,697.00$","10,000.00"
26029066025,Canton Union SD 66,"80,341.00$","756,723.00$","55,658.56"
26029097026,Lewistown CUSD 97,"27,612.00$","221,407.00$","16,284.95"
26034307016,Illini West H S Dist 307,"13,461.00$","94,156.00$","10,000.00"
26034316026,Warsaw CUSD 316,"11,084.00$","71,363.00$","10,000.00"
26034317004,Carthage ESD 317,"12,380.00$","91,629.00$","10,000.00"
26034325026,Nauvoo-Colusa CUSD 325,"11,177.00$","86,989.00$","10,000.00"
26034327004,Dallas ESD 327,"9,120.00$","106,016.00$","10,000.00"
26034328024,Hamilton CCSD 328,"19,845.00$","152,370.00$","11,207.13"
26034337026,Southeastern CUSD 337 $,"25,719.00$","279,480.00$","20,556.34"
26034347004,La Harpe CSD 347,"9,430.00$","76,953.00$","10,000.00"
26062103026,West Prairie CUSD 103,"27,565.00$","213,273.00$","15,686.68"
26062170026,Bushnell Prairie City CUSD 170,"33,560.00$","295,956.00$","21,768.18"
26062185026,Macomb CUSD 185,"107,012.00$","939,642.00$","69,112.64"
26085005026,Schuyler-Industry CUSD 5,"30,476.00$","246,521.00$","18,132.14"
28006017004,Ohio CCSD 17,"6,420.00$","69,667.00$","10,000.00"
28006084004,Malden CCSD 84,"2,266.00$","17,050.00$","10,000.00"
28006094004,Ladd CCSD 94,"7,324.00$","69,019.00$","10,000.00"
28006098002,Dalzell SD 98,"2,571.00$","16,616.00$","10,000.00"
28006099004,Spring Valley CCSD 99 $,"30,884.00$","248,456.00$","18,274.46"
28006103022,DePue USD 103,"17,499.00$","160,614.00$","11,813.50"
28006115002,Princeton ESD 115,"35,673.00$","237,881.00$","17,496.65"
28006303026,La Moille CUSD 303,"9,221.00$","70,708.00$","10,000.00"
28006340026,Bureau Valley CUSD 340,"34,468.00$","227,667.00$","16,745.39"
28006500015,Princeton HSD 500,"16,843.00$","97,877.00$","10,000.00"
28006502017,Hall HSD 502,"15,666.00$","112,938.00$","10,000.00"
28006505016,Ohio CHSD 505,"2,497.00$","27,703.00$","10,000.00"
28037190002,Colona SD 190,"8,118.00$","85,646.00$","10,000.00"
28037223026,Orion CUSD 223,"13,938.00$","45,550.00$","10,000.00"
28037224026,Galva CUSD 224,"16,710.00$","127,885.00$","10,000.00"
28037225026,AlWood CUSD 225,"11,874.00$","73,408.00$","10,000.00"
28037226026,Annawan CUSD 226,"8,626.00$","48,939.00$","10,000.00"
28037227026,Cambridge CUSD 227,"10,316.00$","68,254.00$","10,000.00"
28037228026,Geneseo CUSD 228,"41,588.00$","194,355.00$","14,295.22"
28037229026,Kewanee CUSD 229,"110,490.00$","1,073,537.00$","78,954.69"
28037230026,Wethersfield CUSD 230,"12,019.00$","90,764.00$","10,000.00"
28088001026,Bradford CUSD 1,"9,654.00$","73,468.00$","10,000.00"
28088100026,Stark County CUSD 100 $,"24,173.00$","197,539.00$","14,529.41"
30002001022,Cairo USD 1,"25,680.00$","505,738.00$","37,198.09"
30002005026,Egyptian CUSD 5,"25,024.00$","313,951.00$","23,091.75"
30039086003,DeSoto Cons SD 86,"9,144.00$","95,309.00$","10,000.00"
30039095002,Carbondale ESD 95,"132,853.00$","1,598,862.00$","115,922.49"
30039130004,Giant City CCSD 130,"6,647.00$","89,434.00$","10,000.00"
30039140004,Unity Point CCSD 140,"23,184.00$","199,258.00$","14,655.84"
30039165016,Carbondale CHSD 165,"56,579.00$","554,358.00$","40,774.19"
30039176026,Trico CUSD 176,"49,178.00$","458,090.00$","33,693.48"
30039186026,Murphysboro CUSD 186,"98,047.00$","1,051,085.00$","77,309.51"
30039196026,Elverado CUSD 196,"16,501.00$","183,598.00$","13,504.02"
30073005002,Tamaroa School Dist 5,"3,049.00$","39,969.00$","10,000.00"
30073050002,Pinckneyville SD 50,"19,544.00$","153,152.00$","11,264.65"
30073101016,Pinckneyville CHSD 101,"10,147.00$","65,680.00$","10,000.00"
30073204004,CCSD 204,"3,669.00$","18,712.00$","10,000.00"
30073300026,Du Quoin CUSD 300,"63,185.00$","577,639.00$","42,486.56"
30077100026,Century CUSD 100,"19,920.00$","198,591.00$","14,606.78"
30077101026,Meridian CUSD 101,"40,738.00$","549,188.00$","40,393.93"
30091016004,Lick Creek CCSD 16,"7,339.00$","73,165.00$","10,000.00"
30091017022,Cobden SUD 17,"23,500.00$","205,006.00$","15,078.62"
30091037004,Anna CCSD 37,"54,468.00$","682,681.00$","50,212.62"
30091043004,County of Union Sch Dist No43,"19,447.00$","186,770.00$","13,737.33"
30091066022,Dongola USD 66,"16,368.00$","162,604.00$","11,959.87"
30091081016,Anna Jonesboro CHSD 81,"30,394.00$","293,923.00$","21,618.65"
30091084026,Shawnee CUSD 84 $,"28,031.00$","331,086.00$","24,352.07"
31045046022,SD U-46,"1,078,841.00$","9,731,713.00$","688,241.78"
31045101022,Batavia USD 101,"105,207.00$","476,437.00$","35,042.94"
31045129022,Aurora West USD 129,"412,454.00$","3,116,228.00$","222,701.51"
31045131022,Aurora East USD 131,"595,462.00$","5,831,924.00$","413,808.56"
31045300026,CUSD 300,"444,040.00$","3,058,130.00$","218,613.07"
31045301026,Central CUSD 301,"50,509.00$","164,626.00$","12,108.59"
31045302026,Kaneland CUSD 302,"56,976.00$","141,961.00$","10,441.53"
31045303026,St Charles CUSD 303 $,"167,780.00$","532,710.00$","32,486.56"
31045304026,Geneva CUSD 304,"68,641.00$","186,394.00$","13,709.67"
31045900090,Elgin Math and Science Academy Charter School,"13,484.00$","110,026.00$","10,000.00"
32038003026,Donovan CUSD 3,"16,492.00$","148,663.00$","10,934.48"
32038004026,Central CUSD 4,"20,860.00$","130,928.00$","10,000.00"
32038006026,Cissna Park CUSD 6,"6,240.00$","38,172.00$","10,000.00"
32038009026,Iroquois County CUSD 9,"46,490.00$","418,573.00$","30,786.92"
32038010026,Iroquois West CUSD 10,"26,504.00$","220,797.00$","13,136.92"
32038124026,Milford Area Public Schools District 124,"24,331.00$","190,124.00$","13,984.02"
32038249026,Crescent Iroquois CUSD 249,"3,173.00$","23,180.00$","10,000.00"
32046001026,Momence CUSD 1,"52,964.00$","434,385.00$","31,949.93"
32046002026,Herscher CUSD 2,"34,772.00$","177,655.00$","13,066.90"
32046005026,Manteno CUSD 5,"51,302.00$","285,000.00$","20,962.35"
32046006026,Grant Park CUSD 6,"15,466.00$","92,122.00$","10,000.00"
32046024027,St. Anne Unit District 24 $,"19,831.00$","155,254.00$","11,419.26"
32046053002,Bourbonnais SD 53,"92,364.00$","614,545.00$","45,201.07"
32046061002,Bradley SD 61,"67,204.00$","608,044.00$","44,722.91"
32046111025,Kankakee SD 111,"315,813.00$","3,264,235.00$","233,116.95"
32046258004,St George CCSD 258 $,"11,422.00$","60,453.00$","10,000.00"
32046259004,Pembroke CCSD 259,"13,428.00$","274,509.00$","20,190.71"
32046307016,Bradley Bourbonnais CHSD 307,"68,864.00$","418,862.00$","30,808.18"
33036235026,West Central CUSD 235,"27,151.00$","229,208.00$","16,858.73"
33048202026,Knoxville CUSD 202,"31,804.00$","204,080.00$","15,010.51"
33048205026,Galesburg CUSD 205,"228,926.00$","2,086,909.00$","148,747.75"
33048208026,R O W V A CUSD 208,"12,959.00$","79,843.00$","10,000.00"
33048210026,Williamsfield CUSD 210,"5,751.00$","59,249.00$","10,000.00"
33048276026,Abingdon-Avon CUSD 276,"33,806.00$","277,308.00$","20,396.59"
33066404026,Mercer County School District 404,"44,159.00$","340,305.00$","25,030.15"
33094238026,Monmouth-Roseville CUSD 238,"88,299.00$","784,018.00$","57,666.17"
33094304026,United CUSD 304,"26,818.00$","156,893.00$","11,539.81"
34049001002,Winthrop Harbor SD 1,"19,629.00$","119,469.00$","10,000.00"
34049003004,Beach Park CCSD 3,"90,490.00$","648,977.00$","47,733.62"
34049006002,Zion ESD 6,"137,924.00$","1,329,605.00$","96,974.52"
34049024004,Millburn CCSD 24,"19,393.00$","44,041.00$","10,000.00"
34049033002,Emmons SD 33,"5,135.00$","27,044.00$","10,000.00"
34049034004,Antioch CCSD 34,"57,920.00$","308,205.00$","22,669.12"
34049036002,Grass Lake SD 36,"4,332.00$","41,883.00$","10,000.00"
34049037002,Gavin SD 37,"28,357.00$","174,167.00$","12,810.35"
34049038002,Big Hollow SD 38,"33,998.00$","182,376.00$","13,414.14"
34049041004,Lake Villa CCSD 41,"59,574.00$","309,469.00$","21,542.75"
34049046004,Grayslake CCSD 46,"75,106.00$","371,362.00$","27,314.45"
34049050004,Woodland CCSD 50,"122,814.00$","647,809.00$","47,647.71"
34049056002,Gurnee SD 56,"66,871.00$","407,349.00$","29,961.37"
34049060026,Waukegan CUSD 60,"691,556.00$","6,765,694.00$","479,519.17"
34049065002,Lake Bluff ESD 65,"16,985.00$","82,464.00$","10,000.00"
34049067005,Lake Forest SD 67,"25,635.00$","49,764.00$","10,000.00"
34049068002,Oak Grove SD 68 Green Oaks,"10,574.00$",- $,-
34049070002,Libertyville SD 70,"30,441.00$","57,906.00$","10,000.00"
34049072002,Rondout SD 72,"3,095.00$",- $,-
34049073004,Hawthorn CCSD 73,"71,768.00$","359,848.00$","26,467.58"
34049075002,Mundelein ESD 75,"43,128.00$","244,697.00$","17,997.98"
34049076002,Diamond Lake SD 76,"25,998.00$","191,340.00$","14,073.46"
34049079002,Fremont SD 79,"30,482.00$","67,269.00$","10,000.00"
34049095026,Lake Zurich CUSD 95,"82,448.00$","187,998.00$","13,827.65"
34049096004,Kildeer Countryside CCSD 96,"47,548.00$","107,657.00$","10,000.00"
34049102004,Aptakisic-Tripp CCSD 102,"34,575.00$","82,374.00$","10,000.00"
34049103002,Lincolnshire-Prairieview SD 103,"24,995.00$","51,787.00$","10,000.00"
34049106002,Bannockburn SD 106,"5,413.00$","45,073.00$","10,000.00"
34049109002,Deerfield SD 109,"34,229.00$","65,596.00$","10,000.00"
34049112002,North Shore SD 112,"71,005.00$","352,066.00$","25,895.19"
34049113017,Twp HSD 113,"46,731.00$","108,730.00$","10,000.00"
34049114002,Fox Lake GSD 114,"25,800.00$","190,401.00$","14,004.39"
34049115016,Lake Forest CHSD 115,"21,465.00$","44,030.00$","10,000.00"
34049116026,Round Lake CUSD 116,"268,809.00$","2,217,947.00$","159,488.31"
34049117016,CHSD 117,"48,105.00$","234,621.00$","10,000.00"
34049118026,Wauconda CUSD 118,"100,757.00$","525,378.00$","38,642.65"
34049120013,Mundelein Cons HSD 120,"46,484.00$","237,499.00$","17,468.55"
34049121017,Warren Twp HSD 121,"85,987.00$","451,969.00$","33,243.27"
34049124016,Grant CHSD 124,"38,024.00$","202,954.00$","14,927.69"
34049125013,Adlai E Stevenson HSD 125,"61,831.00$","128,862.00$","10,000.00"
34049126017,Zion-Benton Twp HSD 126,"105,907.00$","795,218.00$","58,489.95"
34049127016,Grayslake CHSD 127,"40,578.00$","221,117.00$","16,263.62"
34049128016,CHSD 128,"40,723.00$","79,111.00$","10,000.00"
34049187026,North Chicago SD 187,"194,257.00$","1,827,747.00$","132,029.42"
34049220026,Barrington CUSD 220,"140,789.00$","575,260.00$","42,311.58"
34049900090,Prairie Crossing Charter School,"9,180.00$","45,733.00$","10,000.00"
34049901090,LEARN John and Kathy Schreiber Charter School,"23,042.00$","221,868.00$","16,318.86"
35050001026,Leland CUSD 1,"12,420.00$","94,265.00$","10,000.00"
35050002026,Serena CUSD 2 $,"31,461.00$","250,439.00$","18,420.31"
35050009026,Earlville CUSD 9,"14,298.00$","102,806.00$","10,000.00"
35050017504,Dimmick Community Consolidated SD #175,"4,142.00$","23,029.00$","10,000.00"
35050040017,Streator Twp HSD 40 $,"44,134.00$","387,786.00$","28,522.47"
35050044002,Streator ESD 44 $,"122,292.00$","1,367,711.00$","99,656.09"
35050065004,Allen-Otter Creek CCSD 65,"4,104.00$","30,394.00$","10,000.00"
35050079004,Tonica CCSD 79,"4,505.00$","25,908.00$","10,000.00"
35050082004,Deer Park CCSD 82,"1,302.00$","1,186.00$","10,000.00"
35050095004,Grand Ridge CCSD 95,"12,941.00$","112,676.00$","10,000.00"
35050120017,La Salle-Peru Twp HSD 120,"42,207.00$","301,296.00$","22,160.95"
35050122002,La Salle ESD 122,"69,398.00$","784,124.00$","57,673.97"
35050124002,Peru ESD 124,"34,325.00$","247,502.00$","18,204.29"
35050125002,Oglesby ESD 125,"17,467.00$","107,953.00$","10,000.00"
35050140017,Ottawa Twp HSD 140,"49,643.00$","328,451.00$","24,158.26"
35050141002,Ottawa ESD 141,"101,406.00$","909,825.00$","66,919.54"
35050150002,Marseilles ESD 150,"22,589.00$","232,809.00$","17,123.59"
35050160017,Seneca Twp HSD 160 $,"10,407.00$","70,829.00$","10,000.00"
35050170004,Seneca CCSD 170,"21,014.00$","172,270.00$","12,670.82"
35050185004,Waltham CCSD 185,"8,186.00$","47,501.00$","10,000.00"
35050195004,Wallace CCSD 195,"14,160.00$","108,759.00$","10,000.00"
35050210004,Miller Twp CCSD 210,"5,612.00$","42,497.00$","10,000.00"
35050230004,Rutland CCSD 230,"1,800.00$",- $,-
35050280017,Mendota Twp HSD 280,"20,165.00$","132,904.00$","10,000.00"
35050289004,Mendota CCSD 289,"44,251.00$","340,518.00$","25,045.81"
35050425026,Lostant CUSD 425,"3,011.00$","18,675.00$","10,000.00"
35059005026,Henry-Senachwine CUSD 5,"19,566.00$","174,108.00$","12,806.01"
35059007026,Midland CUSD 7,"26,937.00$","194,531.00$","14,308.16"
35078535026,Putnam County CUSD 535,"20,479.00$","130,042.00$","10,000.00"
39055001026,Argenta-Oreana CUSD 1,"23,870.00$","193,686.00$","14,246.01"
39055002026,Maroa Forsyth CUSD 2,"34,731.00$","201,515.00$","14,821.85"
39055003026,Mt Zion CUSD 3,"70,171.00$","413,105.00$","30,384.74"
39055009026,Sangamon Valley CUSD 9,"15,054.00$","146,178.00$","10,751.70"
39055011026,Warrensburg-Latham CUSD 11,"23,118.00$","150,673.00$","11,082.32"
39055015026,Meridian CUSD 15,"22,113.00$","179,005.00$","13,166.19"
39055061025,Decatur SD 61,"512,441.00$","6,865,685.00$","486,555.67"
39074005026,Bement CUSD 5,"8,509.00$","56,467.00$","10,000.00"
39074025026,Monticello CUSD 25,"24,759.00$","110,944.00$","10,000.00"
39074057026,Deland-Weldon CUSD 57,"6,537.00$","61,880.00$","10,000.00"
39074100026,Cerro Gordo CUSD 100,"17,826.00$","131,219.00$","10,000.00"
40007040026,Calhoun CUSD 40,"14,775.00$","102,331.00$","10,000.00"
40007042026,Brussels CUSD 42,"2,672.00$",- $,-
40031001026,Carrollton CUSD 1,"24,674.00$","181,793.00$","13,371.26"
40031003026,North Greene CUSD 3,"32,735.00$","329,647.00$","24,246.23"
40031010026,Greenfield CUSD 10,"14,582.00$","114,977.00$","10,000.00"
40042100026,Jersey CUSD 100,"82,476.00$","490,832.00$","36,101.72"
40056001026,Carlinville CUSD 1,"45,146.00$","412,696.00$","30,354.66"
40056002026,Northwestern CUSD 2,"12,658.00$","112,664.00$","10,000.00"
40056005026,Mount Olive CUSD 5,"16,345.00$","157,057.00$","11,551.87"
40056006026,Staunton CUSD 6 $,"41,007.00$","251,894.00$","18,527.33"
40056007026,Gillespie CUSD 7,"43,706.00$","492,486.00$","36,223.38"
40056008026,Bunker Hill CUSD 8,"15,070.00$","150,496.00$","11,069.30"
40056009026,Southwestern CUSD 9 $,"39,157.00$","249,778.00$","18,371.70"
40056034026,North Mac CUSD 34,"37,995.00$","468,230.00$","34,439.30"
41057001026,Roxana CUSD 1,"72,359.00$","551,949.00$","40,597.01"
41057002026,Triad CUSD 2,"62,370.00$","167,119.00$","12,291.95"
41057003026,Venice CUSD 3,"4,984.00$","83,938.00$","10,000.00"
41057005026,Highland CUSD 5,"51,176.00$","337,407.00$","24,816.99"
41057007026,Edwardsville CUSD 7,"146,601.00$","778,741.00$","53,539.97"
41057008026,Bethalto CUSD 8,"83,150.00$","583,301.00$","42,903.01"
41057009026,Granite City CUSD 9,"304,973.00$","3,001,399.00$","214,620.84"
41057010026,Collinsville CUSD 10,"264,820.00$","2,136,711.00$","153,771.62"
41057011026,Alton CUSD 11,"329,222.00$","2,849,102.00$","203,123.09"
41057012026,Madison CUSD 12,"40,221.00$","862,458.00$","63,435.60"
41057013002,East Alton SD 13,"35,248.00$","433,187.00$","31,861.81"
41057014016,East Alton-Wood River CHSD 14,"31,828.00$","281,184.00$","20,681.67"
41057015003,Wood River-Hartford ESD 15,"29,263.00$","245,867.00$","18,084.03"
44063002003,Nippersink SD 2,"21,500.00$","107,284.00$","10,000.00"
44063003003,Fox River Grove Cons SD 3,"6,574.00$","19,509.00$","10,000.00"
44063012026,Johnsburg CUSD 12,"36,099.00$","191,892.00$","14,114.06"
44063015004,McHenry CCSD 15,"108,681.00$","600,226.00$","44,147.88"
44063018004,Riley CCSD 18,"7,736.00$","40,302.00$","10,000.00"
44063019024,Alden Hebron SD 19,"12,990.00$","90,873.00$","10,000.00"
44063026004,Cary CCSD 26,"41,703.00$","165,576.00$","12,178.46"
44063036002,Harrison SD 36,"13,576.00$","83,484.00$","10,000.00"
44063046003,Prairie Grove CSD 46,"11,716.00$","35,122.00$","10,000.00"
44063047004,Crystal Lake CCSD 47,"139,315.00$","656,362.00$","48,276.80"
44063050026,Harvard CUSD 50,"69,985.00$","446,186.00$","32,817.92"
44063154016,Marengo CHSD 154,"16,660.00$","86,363.00$","10,000.00"
44063155016,CHSD 155,"93,069.00$","238,260.00$","17,524.52"
44063156016,McHenry CHSD 156,"50,024.00$","263,408.00$","19,374.21"
44063157016,Richmond-Burton CHSD 157,"10,236.00$","29,501.00$","10,000.00"
44063158022,Huntley Community School District 158,"107,430.00$","210,421.00$","15,476.91"
44063165003,Marengo-Union E Cons D 165,"28,192.00$","156,893.00$","11,539.81"
44063200026,Woodstock CUSD 200,"155,324.00$","867,954.00$","63,839.84"
45067003026,Valmeyer CUSD 3,"7,153.00$","33,106.00$","10,000.00"
45067004026,Columbia CUSD 4,"32,617.00$","141,892.00$","10,436.45"
45067005026,Waterloo CUSD 5,"51,212.00$","230,303.00$","16,939.27"
45079001022,Coulterville USD 1,"12,243.00$","108,854.00$","10,000.00"
45079122019,Chester N HSD 122,"1,032.00$",- $,-
45079132026,Red Bud CUSD 132,"32,605.00$","189,999.00$","13,974.83"
45079134004,Prairie Du Rocher CCSD 134,"3,326.00$","20,150.00$","10,000.00"
45079138026,Steeleville CUSD 138 $,"16,889.00$","117,789.00$","10,000.00"
45079139026,Chester CUSD 139,"41,499.00$","311,637.00$","22,921.56"
45079140026,Sparta CUSD 140 $,"62,076.00$","582,972.00$","42,878.81"
47052170022,Dixon USD 170,"104,482.00$","807,767.00$","59,412.96"
47052220002,Steward ESD 220 $,"1,338.00$","1,887.00$","10,000.00"
47052271026,Paw Paw CUSD 271,"3,986.00$","51,729.00$","10,000.00"
47052272026,Amboy CUSD 272,"15,875.00$","145,522.00$","10,703.45"
47052275026,Ashton-Franklin Center CUSD 275,"15,171.00$","103,024.00$","10,000.00"
47071144003,Kings Cons SD 144,"2,938.00$","31,440.00$","10,000.00"
47071161004,Creston CCSD 161,"8,975.00$","108,496.00$","10,000.00"
47071212017,Rochelle Twp HSD 212,"21,980.00$","154,618.00$","10,040.45"
47071220026,Oregon CUSD 220,"49,783.00$","377,249.00$","27,747.46"
47071221026,Forrestville Valley CUSD 221,"18,433.00$","106,900.00$","10,000.00"
47071222026,Polo CUSD 222,"28,228.00$","231,604.00$","17,034.96"
47071223026,Meridian CUSD 223,"31,395.00$","173,109.00$","12,732.53"
47071226026,Byron CUSD 226,"24,531.00$","120,782.00$","10,000.00"
47071231004,Rochelle CCSD 231,"47,203.00$","345,016.00$","25,376.65"
47071269004,Eswood CCSD 269,"1,635.00$",- $,-
47098001026,Erie CUSD 1,"13,939.00$","95,299.00$","10,000.00"
47098002026,River Bend CUSD 2,"25,343.00$","141,606.00$","10,415.42"
47098003026,Prophetstown-Lyndon-Tampico CUSD3,"22,628.00$","168,130.00$","12,366.31"
47098005026,Sterling CUSD 5 $,"125,829.00$","1,027,135.00$","75,547.93"
47098006026,Morrison CUSD 6,"25,150.00$","159,688.00$","11,745.39"
47098013002,Rock Falls ESD 13,"62,274.00$","863,163.00$","63,487.45"
47098020002,East Coloma - Nelson CESD 20,"6,212.00$","51,213.00$","10,000.00"
47098145004,Montmorency CCSD 145,"7,611.00$","73,151.00$","10,000.00"
47098301017,Rock Falls Twp HSD 301,"25,353.00$","279,919.00$","20,588.63"
48072062002,Pleasant Valley SD 62,"23,142.00$","470,181.00$","34,582.80"
48072063002,Norwood ESD 63,"16,702.00$","167,056.00$","10,000.00"
48072066002,Bartonville SD 66,"8,580.00$","101,200.00$","10,000.00"
48072068002,Oak Grove SD 68 Bartonville,"8,682.00$","57,416.00$","10,000.00"
48072069002,Pleasant Hill SD 69,"14,142.00$","194,228.00$","14,285.88"
48072070002,Monroe SD 70,"8,278.00$","49,978.00$","10,000.00"
48072150025,Peoria SD 150,"840,243.00$","10,232,445.00$","723,478.94"
48072265026,Farmington Central CUSD 265,"34,322.00$","221,503.00$","16,292.01"
48072309026,Brimfield CUSD 309,"10,969.00$","29,832.00$","10,000.00"
48072310016,Limestone CHSD 310,"31,848.00$","315,875.00$","23,233.27"
48072316004,Limestone Walters CCSD 316,"3,840.00$","20,822.00$","10,000.00"
48072321026,Il Valley Central USD 321,"77,467.00$","475,000.00$","34,937.25"
48072322026,Elmwood CUSD 322,"21,088.00$","123,787.00$","10,000.00"
48072323026,Dunlap CUSD 323,"118,425.00$","620,378.00$","45,630.10"
48072325026,Peoria Heights CUSD 325,"33,982.00$","296,730.00$","21,825.11"
48072326026,Princeville CUSD 326,"18,281.00$","102,197.00$","10,000.00"
48072327026,Illini Bluffs CUSD 327,"17,468.00$","117,190.00$","10,000.00"
48072328003,Hollis Cons SD 328,"1,990.00$",- $,-
49081029002,Hampton SD 29,"6,478.00$","68,361.00$","10,000.00"
49081030017,United Twp HSD 30,"70,605.00$","652,848.00$","48,018.34"
49081034002,Silvis SD 34 $,"28,981.00$","326,457.00$","24,011.60"
49081036002,Carbon Cliff-Barstow SD 36,"11,159.00$","137,897.00$","10,142.61"
49081037002,East Moline SD 37,"138,937.00$","1,504,315.00$","109,269.09"
49081040022,Moline-Coal Valley CUSD 40,"377,930.00$","3,307,366.00$","236,152.14"
49081041025,Rock Island SD 41,"404,277.00$","3,944,449.00$","280,984.49"
49081100026,Riverdale CUSD 100,"21,853.00$","152,245.00$","11,197.94"
49081200026,Sherrard CUSD 200 $,"34,846.00$","214,094.00$","15,747.06"
49081300026,Rockridge CUSD 300,"23,801.00$","128,456.00$","10,000.00"
50082009026,Lebanon CUSD 9,"22,669.00$","182,710.00$","13,438.70"
50082019026,Mascoutah CUD 19,"90,468.00$","472,121.00$","34,725.49"
50082030003,St Libory Cons SD 30 $,"1,057.00$","2,514.00$","10,000.00"
50082040026,Marissa CUSD 40,"23,941.00$","208,386.00$","15,327.23"
50082060026,New Athens CUSD 60,"16,547.00$","97,877.00$","10,000.00"
50082070004,Freeburg CCSD 70,"16,591.00$","88,851.00$","10,000.00"
50082077016,Freeburg CHSD 77,"11,681.00$","52,016.00$","10,000.00"
50082085002,Shiloh Village SD 85 $,"14,187.00$","77,727.00$","10,000.00"
50082090004,O Fallon CCSD 90,"82,394.00$","408,786.00$","30,067.07"
50082104002,Central SD 104,"29,477.00$","230,109.00$","16,925.00"
50082105002,Pontiac-W Holliday SD 105,"26,168.00$","190,450.00$","14,008.00"
50082110004,Grant CCSD 110,"31,682.00$","252,212.00$","18,550.72"
50082113002,Wolf Branch SD 113,"16,897.00$","84,925.00$","10,000.00"
50082115002,Whiteside SD 115,"52,936.00$","386,950.00$","28,460.98"
50082116002,High Mount SD 116,"17,308.00$","141,598.00$","10,414.83"
50082118002,Belleville SD 118,"212,921.00$","2,061,399.00$","148,471.82"
50082119002,Belle Valley SD 119,"54,802.00$","514,380.00$","37,833.73"
50082130004,Smithton CCSD 130 $,"10,356.00$","47,501.00$","10,000.00"
50082160004,Millstadt CCSD 160,"17,539.00$","89,243.00$","10,000.00"
50082175002,Harmony Emge SD 175,"42,187.00$","347,055.00$","25,526.62"
50082181002,Signal Hill SD 181 $,"18,298.00$","170,376.00$","12,531.51"
50082187026,Cahokia CUSD 187,"327,473.00$","4,790,921.00$","340,551.83"
50082188022,Brooklyn UD 188,"15,946.00$","274,743.00$","20,207.92"
50082189022,East St Louis SD 189,"463,541.00$","7,120,258.00$","498,063.27"
50082196026,Community Unit School District No 196,"46,416.00$","384,680.00$","28,294.02"
50082201017,Belleville Twp HSD 201,"211,326.00$","1,659,700.00$","117,923.92"
50082203017,O Fallon Twp HSD 203,"56,628.00$","285,000.00$","20,962.35"
51065200026,Greenview CUSD 200,"6,509.00$","49,254.00$","10,000.00"
51065202026,Porta CUSD 202,"32,789.00$","211,022.00$","15,521.11"
51065213026,Athens CUSD 213,"24,314.00$","135,303.00$","10,000.00"
51084001026,Tri City CUSD 1,"13,716.00$","91,434.00$","10,000.00"
51084005026,Ball Chatham CUSD 5,"70,663.00$","397,060.00$","29,204.60"
51084008026,Pleasant Plains CUSD 8,"23,959.00$","89,628.00$","10,000.00"
51084010026,Auburn CUSD 10,"28,137.00$","197,511.00$","14,527.35"
51084011026,Pawnee CUSD 11,"13,961.00$","95,674.00$","10,000.00"
51084014026,Riverton CUSD 14,"33,808.00$","489,550.00$","36,007.43"
51084015026,Williamsville CUSD 15,"20,416.00$","57,695.00$","10,000.00"
51084016026,New Berlin CUSD 16,"22,233.00$","127,724.00$","10,000.00"
51084186025,Springfield SD 186 $,"769,472.00$","9,802,085.00$","689,617.12"
53060126026,Havana CUSD 126,"39,570.00$","325,396.00$","23,933.56"
53060189026,Illini Central CUSD 189,"26,700.00$","213,042.00$","15,669.69"
53060191026,Midwest Central CUSD 191,"31,532.00$","192,879.00$","14,186.66"
53090050002,District 50 Schools,"26,726.00$","196,992.00$","14,489.17"
53090051002,Central SD 51,"23,128.00$","102,197.00$","10,000.00"
53090052002,Washington SD 52,"17,721.00$","80,606.00$","10,000.00"
53090076002,Creve Coeur SD 76,"30,098.00$","275,851.00$","20,289.42"
53090085002,Robein SD 85,"6,710.00$","47,974.00$","10,000.00"
53090086002,East Peoria SD 86,"66,455.00$","490,152.00$","36,051.71"
53090098002,Rankin CSD 98,"4,474.00$","37,547.00$","10,000.00"
53090102002,N Pekin & Marquette Hght SD 102,"17,654.00$","108,286.00$","10,000.00"
53090108002,Pekin PSD 108,"156,486.00$","1,274,731.00$","93,112.97"
53090137002,South Pekin SD 137 $,"5,719.00$","50,729.00$","10,000.00"
53090303016,Pekin CSD 303,"71,606.00$","517,036.00$","38,029.08"
53090308016,Washington CHSD 308,"26,088.00$","126,667.00$","10,000.00"
53090309016,East Peoria CHSD 309,"40,027.00$","247,575.00$","18,209.66"
53090606004,Spring Lake CCSD 606 $,"2,014.00$","2,096.00$","10,000.00"
53090701026,Deer Creek-Mackinaw CUSD 701,"22,293.00$","122,169.00$","10,000.00"
53090702026,Tremont CUSD 702,"15,981.00$","39,148.00$","10,000.00"
53090703026,Delavan CUSD 703,"12,990.00$","74,847.00$","10,000.00"
53090709026,Morton CUSD 709,"54,867.00$","132,125.00$","10,000.00"
53102001004,Metamora CCSD 1,"16,059.00$","82,420.00$","10,000.00"
53102002004,Riverview CCSD 2,"10,207.00$","88,135.00$","10,000.00"
53102006026,Fieldcrest CUSD 6,"32,596.00$","201,515.00$","14,821.85"
53102011026,El Paso-Gridley CUSD 11,"28,069.00$","171,278.00$","12,597.86"
53102021026,Lowpoint-Washburn CUSD 21,"11,592.00$","73,579.00$","10,000.00"
53102060026,Roanoke Benson CUSD 60,"10,383.00$","52,754.00$","10,000.00"
53102069002,Germantown Hills SD 69,"13,051.00$","32,626.00$","10,000.00"
53102122017,County of Woodford School,"16,513.00$","81,909.00$","10,000.00"
53102140026,Eureka CUD 140,"42,615.00$","233,181.00$","17,150.95"
54092001026,Bismarck Henning CUSD,"23,283.00$","164,787.00$","12,120.43"
54092002026,Westville CUSD 2,"47,997.00$","455,687.00$","33,516.73"
54092004026,Georgetown-Ridge Farm CUD 4,"45,122.00$","388,598.00$","28,582.20"
54092007026,Rossville-Alvin CUSD 7,"14,571.00$","113,930.00$","10,000.00"
54092010026,Potomac CUSD 10,"6,182.00$","51,425.00$","10,000.00"
54092011026,Hoopeston Area CUSD 11,"55,295.00$","569,756.00$","41,906.75"
54092061003,Armstrong-Ellis Cons SD 61,"1,828.00$","3,026.00$","10,000.00"
54092076026,Oakwood CUSD 76,"27,728.00$","233,034.00$","17,140.14"
54092118024,Danville CCSD 118,"384,259.00$","4,405,405.00$","309,859.95"
54092225017,Armstrong Twp HSD 225,"1,892.00$",#REF!,-
54092512026,Salt Fork Community Unit District 512,"20,581.00$","146,809.00$","10,798.11"
56099017002,Channahon SD 17,"22,219.00$","146,636.00$","10,785.39"
56099081002,Union SD 81,"2,815.00$","29,446.00$","10,000.00"
56099084002,Rockdale SD 84,"11,746.00$","123,909.00$","10,000.00"
56099086005,Joliet PSD 86,"552,800.00$","5,267,015.00$","374,055.18"
56099088002,Chaney-Monge SD 88,"19,754.00$","162,329.00$","11,939.64"
56099089002,Fairmont SD 89,"18,653.00$","175,952.00$","12,941.64"
56099090002,Taft SD 90,"14,494.00$","109,218.00$","10,000.00"
56099091002,Lockport SD 91,"14,370.00$","77,727.00$","10,000.00"
56099092002,Will County SD 92,"25,098.00$","147,854.00$","10,874.97"
56099114002,Manhattan SD 114,"20,991.00$","46,120.00$","10,000.00"
56099122002,New Lenox SD 122,"69,866.00$","159,977.00$","11,766.64"
56099159002,Mokena SD 159,"23,706.00$","56,611.00$","10,000.00"
56099161002,Summit Hill SD 161 $,"39,884.00$","191,972.00$","14,119.94"
56099202022,Plainfield SD 202,"453,047.00$","2,687,340.00$","192,520.10"
56099203004,Elwood CCSD 203,"11,910.00$","73,408.00$","10,000.00"
56099204017,Joliet Twp HSD 204,"198,680.00$","1,659,472.00$","117,115.49"
56099205017,Lockport Twp HSD 205,"77,904.00$","391,515.00$","28,796.75"
56099210016,Lincoln Way CHSD 210,"92,714.00$","188,400.00$","13,857.22"
07016113A02,Lemont-Bromberek CSD 113A,"41,453.00$","235,972.00$","17,356.24"
11012002C26,Marshall CUSD 2C,"46,536.00$","351,520.00$","25,855.03"
11012003C26,Martinsville CUSD 3C,"15,823.00$","137,177.00$","10,089.66"
11012004C26,Casey-Westfield CUSD 4C,"26,019.00$","216,744.00$","15,941.98"
11087003A26,Cowden-Herrick CUSD 3A,"13,181.00$","108,681.00$","10,000.00"
11087005A26,Stewardson-Strasburg CUD 5A $,"12,433.00$","70,529.00$","10,000.00"
17053006J26,Tri Point CUSD 6-J,"14,912.00$","127,204.00$","10,000.00"
24032002C02,Mazon-Verona-Kinsman ESD 2C,"8,428.00$","87,115.00$","10,000.00"
24032024C04,Nettle Creek CCSD 24C,"1,546.00$",- $,-
24032060C04,Saratoga CCSD 60C,"20,976.00$","145,522.00$","10,703.45"
24032072C04,Gardner CCSD 72C,"3,641.00$","23,180.00$","10,000.00"
51084003A26,Rochester CUSD 3A,"24,975.00$","75,058.00$","10,000.00"
56099030C04,Troy CCSD 30C,"86,797.00$","573,074.00$","42,150.79"
56099033C04,Homer CCSD 33C,"56,761.00$","187,912.00$","13,821.32"
56099070C04,Laraway CCSD 70C,"14,061.00$","203,178.00$","14,944.17"
56099088A02,Richland GSD 88A,"22,826.00$","150,673.00$","11,082.32"
56099157C04,Frankfort CCSD 157C,"36,972.00$","78,296.00$","10,000.00"
56099200U26,Beecher CUSD 200U,"17,884.00$","120,428.00$","10,000.00"
56099201U26,Crete Monee CUSD 201U,"190,936.00$","1,758,939.00$","127,187.32"
56099207U26,Peotone CUSD 207U,"25,481.00$","141,892.00$","10,436.45"
56099209U26,Wilmington CUSD 209U,"22,825.00$","179,354.00$","13,191.86"
56099255U26,Reed Custer CUSD 255U,"28,929.00$","212,488.00$","15,628.94"
56099365U26,Valley View CUSD 365U,"459,837.00$","3,367,897.00$","240,411.78"